credit_score,loan_amount,income,employment_length,debt_to_income,loan_status
720,39012,54904,5,21.515380793623624,1
779,12226,64834,8,38.68283501136632,0
667,47927,32332,14,38.57493252963868,1
380,23031,29296,13,10.766097018475978,1
730,19984,93449,7,11.061157858506437,1
499,44435,128070,14,39.935268693363014,1
559,7243,89383,11,26.82654401528733,1
529,16991,36101,11,22.627659082068575,1
547,49432,47926,1,27.825502311985847,1
805,18171,66618,2,10.671330390025087,1
392,44135,32542,13,23.514526836221627,0
347,43640,36302,1,35.11852457143532,1
751,8981,128757,4,23.260208243181445,1
483,44922,116872,9,11.002732741813798,1
513,6157,69219,10,20.459325157925633,1
520,29091,41946,12,21.142266166989653,1
452,29328,117103,1,12.079230975653605,0
413,24627,99976,4,39.701176865086026,0
396,33926,134434,13,22.628702313090105,1
711,10690,38980,8,18.57297361989923,1
682,16621,94628,9,29.103398517672197,0
449,13233,37875,11,30.70216070604434,0
681,27111,22839,4,15.121806207896311,1
470,8598,72468,7,33.27499513963055,0
735,36416,60171,2,39.42992241512039,1
814,26288,101967,1,25.19892380439309,1
500,37269,147969,6,37.84575452869457,1
343,13918,122155,3,34.79177702707557,1
702,17782,74891,13,25.75060658504241,1
815,36774,131432,5,20.664155241975358,1
799,32042,105906,12,15.95514816182713,0
503,34133,25645,7,38.73369283360235,1
814,8987,50950,10,34.56444306293039,1
343,7752,125997,10,29.577007632948042,1
509,17624,39980,9,37.48755650566917,1
645,39727,111960,7,39.37238005974825,1
820,46824,95792,12,20.8149192074198,1
678,26420,98218,13,37.08478369686406,0
401,44423,83231,12,25.768095270369315,1
486,7587,71294,5,11.535771299338688,1
389,28398,123188,14,36.51650272558801,1
320,40541,29566,9,31.216187568103916,1
369,17938,76482,5,37.49406150395587,0
336,17366,106614,13,36.34245864418211,1
426,39868,98873,2,14.349523756373513,1
622,31219,101806,5,34.28283120184845,0
652,13015,21749,2,14.0628164855552,1
579,47249,139294,6,39.60980399700435,0
593,39162,27151,7,18.88393566881838,1
312,34805,139345,14,39.55748901855435,0
548,44935,96461,4,39.43792527271748,1
410,36682,144374,8,34.96621634548629,0
749,39307,108316,6,12.885709816660318,1
531,10774,57943,11,13.911772047717049,0
416,38796,40980,9,11.24823723841476,0
497,12093,36520,9,37.909616236691136,1
458,32761,23597,2,25.90088749996073,1
827,35570,62414,10,33.86531502058675,1
501,45492,145651,8,23.684600570743918,1
477,31665,121228,6,36.794981583068505,1
358,31144,26577,5,28.400032209902086,0
638,33783,132365,3,20.431574528567097,1
728,47539,78355,9,30.568605412172985,1
826,14586,143979,13,27.626725450206667,1
640,36461,41058,12,16.464209905150454,1
692,47591,39907,4,24.048410067753068,1
345,39944,109764,1,19.50147552813734,1
624,28959,146591,6,16.53944616943459,1
792,42917,81729,14,30.80543618852275,1
315,48233,103727,12,17.92492483216135,1
343,24280,63270,6,26.400651285095645,1
638,32581,122453,7,10.788314317680642,1
849,26496,124286,8,39.04361025997506,0
832,9669,125469,4,35.253509253630874,1
819,14099,106794,12,13.304201926253274,1
330,40592,67839,12,15.603583188105546,1
801,31783,118261,9,22.598441114700005,1
792,7591,77747,7,33.51459143987594,0
588,21493,75648,2,35.92761307668947,0
614,27582,124618,3,18.081708833022645,0
497,22918,83132,4,31.813055521694032,0
619,41921,101034,8,27.100579015373665,0
301,13582,142195,12,10.076948463916311,1
305,48630,92479,4,38.369433836594396,1
502,7156,104903,11,21.69035746528555,0
691,47428,92115,14,23.62210676962477,1
358,49853,77331,4,34.60132645112566,1
449,16812,29055,13,39.23514445372986,1
837,40413,79144,6,35.71943633528513,1
749,28773,148298,6,18.216784884404802,1
509,46951,27266,8,31.073993135320933,0
717,43225,124438,10,14.8963469594281,0
681,36069,20066,12,21.553781225510935,1
547,11384,41435,5,10.379861551261072,1
819,46624,25469,3,14.000661428499633,0
652,26692,130464,4,16.999597580349356,1
640,45872,122143,11,25.690381710407646,1
507,40794,80282,2,35.42030481960796,1
750,16161,25473,4,13.947835024599517,1
800,42341,149762,13,35.14407549806538,1
620,33677,88254,11,36.723342901200795,1
430,28706,35092,9,11.899057695916172,1
329,36809,76391,10,36.27051299972206,0
713,25969,48270,1,29.709593723141218,1
405,33679,37195,1,16.551267856642284,0
717,25804,136928,1,18.738986856919844,0
408,45459,56704,4,22.030596457695097,1
349,45165,116428,14,39.99716243976617,1
538,37706,38394,4,23.616956308671487,0
503,29148,69415,10,25.472541854731965,1
398,13911,20453,14,25.222317293362597,0
587,29749,33868,6,29.58229489523713,1
413,37563,95607,10,34.30025979107626,1
686,34103,63465,1,36.50155712280899,1
316,16548,112246,8,38.015744004572454,1
303,40926,94438,13,31.303443336675002,1
412,28903,86705,6,29.496751896333752,1
345,32855,145659,14,18.26724917026676,1
481,28822,114859,12,19.86867838572971,1
402,8692,115171,1,24.348504837045944,0
776,18741,121887,11,25.762106570143306,1
729,15688,22301,3,26.901267990307087,0
492,43526,129270,8,36.87731836800063,0
676,17252,115189,14,22.221863212687957,1
843,11010,119475,8,24.506544538289344,1
765,16232,89669,9,20.257902413486104,1
477,28555,127874,9,17.94831471744828,0
575,38051,53307,1,39.84921855925299,1
742,31679,28591,3,27.865489287387003,1
682,15331,138530,4,11.35560496015266,1
582,44606,70269,13,18.82544579173859,0
738,27984,97639,12,30.562062595333916,1
357,37495,69008,7,26.956137613412672,1
614,26216,22670,11,11.414841421262134,1
583,27568,72491,7,19.32247242026566,1
658,6338,107802,8,17.349725787892922,1
668,47360,69882,4,13.0008505051366,1
332,31932,52941,11,38.84465154382609,1
740,37599,63074,11,14.17085799970969,1
451,35090,142146,4,33.22405288524342,0
653,29919,69171,10,25.76122673462749,0
468,39855,80339,12,15.725151551140602,1
528,16652,63164,5,20.13138574265181,1
834,31088,74800,1,15.485003200003355,1
818,25803,72966,6,23.245770859643407,1
748,45086,96457,9,30.811441090122102,0
783,49621,62711,13,18.380315713353582,1
566,38072,48357,9,25.18838150913674,1
523,28685,101580,1,25.458894697780348,1
641,14863,60851,13,21.23821010395657,0
597,18768,77707,7,22.252835763964807,0
775,42659,93970,12,23.257096873392264,0
833,41463,46979,3,16.618918939336645,1
400,20092,119901,12,31.513689386837147,0
343,29358,61164,2,13.893121122609006,1
500,9563,107286,2,30.42934775539918,1
435,30428,63021,2,31.616269183212744,1
782,8386,31207,13,12.013423654802239,1
534,39318,111400,13,38.214725440860704,1
687,25675,113160,1,14.077564982396554,1
763,18571,61132,9,33.33183681733916,0
570,14913,30889,11,37.689223421091945,1
717,32683,77203,11,14.946856988523347,1
795,37734,60154,5,32.867032010358606,1
492,48575,23647,3,33.307220286959726,1
678,15343,56621,1,10.788101682418844,1
629,36499,86434,2,15.936416800649937,0
660,42022,98236,12,20.626392980111895,1
642,39287,134315,12,20.775659350019936,1
764,13453,94697,11,12.776148555768302,0
558,5758,133277,8,11.366733211494754,1
713,29875,66790,9,12.923304501178963,1
767,39463,117547,3,38.98204896088428,0
360,36832,65151,4,38.56132929096111,1
713,22386,144490,8,18.16390600243311,1
526,18666,56564,14,37.922202083839764,0
738,29671,53695,3,25.56370096798635,0
376,8312,116157,2,23.999293288616176,1
771,26963,65520,1,22.22142408627674,0
428,31283,79952,8,11.342908696293723,0
566,5335,73657,2,25.83012275569638,1
794,47459,47466,12,33.7628682837469,0
422,21320,102268,3,14.424267680771734,1
629,49333,28298,8,29.29352171073398,1
411,42597,106626,10,26.235282335572663,1
777,38057,28753,5,37.82855163044847,1
442,12824,89784,3,10.12887518673741,1
370,18070,53713,13,33.805260779116026,1
812,46053,146394,8,28.056759483264806,0
637,26558,39163,4,26.70076947557021,1
496,32611,94846,5,20.12673324367196,0
731,22360,73155,3,15.826275133133844,1
315,6393,78728,12,22.685526430944677,1
445,11050,84573,3,16.08566969386359,1
755,16627,92928,4,39.34655456291869,0
785,37475,56880,2,20.588025460906834,1
305,20104,37261,11,27.00668455701136,0
635,25937,105024,8,25.591689032467066,1
582,41447,126539,7,22.403516768001218,0
487,40937,68928,14,39.1821985441738,1
328,37199,83928,11,33.73752687277131,1
559,37626,136470,2,28.722924061847685,1
781,38113,86915,12,10.013171605812888,1
550,18249,65607,13,31.304487675570904,1
755,6146,141468,7,20.63017677850186,1
637,9490,68680,13,19.238172542473436,1
805,29161,147600,6,33.760413473145974,1
798,45351,60387,14,39.386211728771556,1
788,6950,93717,7,17.487464998015703,1
368,30850,92377,1,27.21086622253229,1
367,30896,73610,1,30.268297659008788,1
757,33549,55008,9,28.402405037225382,1
839,7852,102483,12,30.0527350989088,0
515,36269,100802,4,38.109253325181186,1
592,17036,30097,9,19.105381225048745,0
325,49355,86063,6,29.57184323876042,1
339,46689,84476,14,30.65049489215958,1
637,6981,80205,3,22.875216860213193,1
376,23977,27629,5,39.914111240086044,1
513,44191,139295,3,37.70254471976831,1
491,15078,125459,13,29.12124034468028,0
600,5532,105614,2,19.82710108360145,1
521,33902,121278,1,31.393551926712167,1
704,16978,122616,10,27.970680635198903,1
376,18146,73207,2,12.555884567223412,1
795,42947,72196,4,33.82535844091526,0
660,6245,149494,4,32.54964565800243,1
304,12071,27498,3,26.837981077589493,1
597,6557,111690,11,20.535599083074448,0
828,16230,66925,3,11.188274042895085,1
494,30420,102656,3,33.106188875247064,1
685,45499,22318,10,31.660069133408445,1
635,18171,41709,5,37.61823273046427,0
433,39150,35304,11,21.790350294046533,1
380,20244,83794,4,38.25494321790502,1
399,39910,42390,6,24.424042086628987,1
767,20165,122591,14,37.3606244112541,1
689,12460,103172,14,27.180690371213547,1
497,20984,27551,1,11.049039109461507,1
415,17791,95523,7,31.246105129310063,1
587,47983,106067,13,27.07466514933677,1
600,20284,123844,4,34.59395949599532,1
513,6975,20333,13,18.91882029398064,0
512,25284,111946,1,30.182856034681215,1
462,24645,33305,11,31.027599804462838,1
817,23729,126530,14,31.439188309913934,1
679,29378,109623,7,25.54781861898242,1
430,26306,23148,6,38.21936756339245,0
690,21015,78158,14,23.01382913988075,1
572,17847,149309,10,18.66966287933642,1
327,15949,95878,12,24.394495726488543,0
800,37004,103581,11,23.901418716622977,1
370,40931,55759,3,17.37532177938703,0
708,30549,121498,6,26.349459084538772,0
801,21745,27159,2,10.583365901484061,1
425,25467,148693,4,30.033356152247467,1
471,25029,120297,10,33.3401239322621,1
753,48931,28080,5,31.613746831742564,1
758,26678,41373,9,27.01786340912122,0
370,29349,106446,5,39.234451655663804,1
639,28094,60574,12,29.24598225331753,1
305,34673,28744,1,31.912470480616197,1
391,31293,64102,2,30.77836764581837,1
618,31268,51095,12,24.04335067452788,0
844,6833,120798,6,38.943250588613225,0
333,6429,127074,2,25.17145170888284,1
315,21077,139959,12,38.11529022329905,1
684,35502,26523,6,29.296954200781684,1
780,10723,113235,2,29.759258737313598,1
414,36140,68444,12,19.399667657192513,1
801,23435,99939,11,22.359620063154715,0
682,46663,41919,14,37.37618967339667,1
786,32171,76332,6,10.533188146524168,1
799,42259,26495,5,35.659173741023196,0
530,6901,100163,13,32.74727551026487,0
697,43324,30202,3,36.95446763008231,0
434,21101,22956,6,35.553064382398425,1
442,9394,81989,5,21.84811038931654,1
755,28290,33691,10,18.600876051882356,0
816,11650,118168,12,13.569200731021564,1
615,34469,116745,11,29.30426208865329,1
423,19438,28025,14,17.53776698444513,1
440,16518,100785,10,13.43882021983041,1
600,28042,83654,13,32.04649239287524,1
490,7766,133421,2,17.31076753530577,1
309,31938,120014,8,32.17023836569102,1
310,13768,131614,10,18.212762100480923,0
441,29492,122057,4,15.040982536270473,0
754,24286,56078,6,24.890559400788774,1
570,26468,84838,1,20.005693509777657,1
417,11785,38104,13,33.674821571191764,1
703,43566,120893,5,37.40193995463025,1
520,5568,28627,13,13.838122657048885,1
315,43662,92344,12,25.193928380791448,0
817,22671,126867,8,36.168471790337094,0
787,26664,141570,4,21.509116215999875,1
723,26957,47887,2,28.649656577577808,1
430,37712,86901,12,13.610298153458265,1
555,36062,142333,2,32.34689772824163,1
594,37396,20242,8,12.372845017317777,1
474,49929,61293,8,26.63708801327535,1
614,30035,143479,10,13.1287475701615,0
680,32498,140377,13,38.780829784461474,1
681,31072,68904,13,17.867834404606494,1
736,23391,143724,6,19.241775226148853,1
673,34856,79176,13,29.55222027561071,1
750,40226,124930,7,14.639721931245983,0
401,27684,96910,2,12.10591526227556,1
490,18833,41697,4,22.060531662910712,1
624,9779,57917,5,19.53636591932727,1
316,21566,146234,1,36.655562786946945,0
576,47488,32389,8,31.08461950798358,1
535,39785,71110,8,19.772115239729896,0
419,5365,69344,1,21.72871446440853,1
500,27669,44395,12,18.569180257780967,0
685,18479,27738,14,28.18755994852806,1
349,41147,111170,5,11.126356661027831,1
503,15275,138976,2,14.148344740182495,1
476,5990,71783,4,29.448761957935766,1
779,21920,136495,11,12.355745624824834,0
754,19344,84212,14,34.46207566973511,0
715,47613,67864,2,34.541984343330014,1
388,28840,141606,1,36.992635580308274,1
666,33356,85834,4,18.597913744586936,0
820,12002,97297,1,20.03626460034885,1
768,47927,126296,1,37.49920157779336,0
495,27353,137412,8,11.535492876780024,1
762,29080,103536,14,36.5620247280404,1
345,17971,25021,9,20.009046691299744,0
494,22436,45710,14,25.50254133096254,0
449,32884,122492,13,22.464185150960276,1
506,11976,83728,8,17.791535755909806,0
699,32350,84810,1,13.236090666686884,0
594,18388,41427,1,11.226204080517926,1
545,13435,51790,5,37.97407334956901,0
454,49454,123029,7,23.909207645426136,1
491,47404,55178,13,25.314970279904962,0
576,31713,60389,1,26.177395165212424,1
756,36148,71446,9,26.987986934643043,0
619,19801,52934,10,33.12371309655579,1
737,21657,112496,8,26.999029045489756,0
833,19625,49252,14,35.60466916309508,1
545,26072,40570,3,23.22263065922857,1
752,10437,40268,3,31.98535617446097,1
332,32613,55040,13,13.322559632664937,1
528,34272,127541,8,38.88144930023958,1
404,34439,125370,4,38.27606965803767,1
705,8044,80582,9,20.63034831583604,1
735,28167,31007,4,18.864953681666048,1
589,42151,43574,5,15.855685909817492,1
770,47408,116247,6,16.74234930717081,1
306,29034,70453,3,25.666539368624225,1
832,8168,27619,9,31.765114667804905,0
698,37221,116656,9,28.670458315919532,1
802,27430,38736,4,23.993526255389412,1
752,22838,144041,12,24.36647938487813,0
300,12403,105142,4,11.76318164501781,1
520,19965,141905,9,24.386932697033217,0
311,38347,79581,14,11.833176718762168,1
521,38429,41902,7,20.17336971542328,1
332,20160,37748,13,28.563126239926113,0
455,26814,46898,9,19.70566078680227,1
584,39865,86140,4,25.076797513858793,1
829,35197,147299,2,25.954967251956745,0
457,15408,53811,2,37.35494847724607,1
778,36477,147227,5,33.87791478338647,1
319,29327,87210,5,22.173171536220845,1
492,38789,83429,8,12.608864607801927,1
359,24241,148207,11,34.341980291380736,1
734,19381,101431,9,30.033422425470192,0
663,11652,105943,7,33.30840240331308,0
365,29924,148485,2,16.699117671032802,1
822,31628,46591,13,26.90897633362004,1
711,45852,25769,6,15.67282494602795,1
522,28044,64742,14,17.488538859906523,1
602,18899,96179,11,12.41310896870317,1
588,46220,35645,12,14.847268939006781,1
844,41979,83875,8,30.665627916524777,1
472,37414,127506,1,36.72415779511353,0
769,12012,82995,10,31.416641563156315,1
582,25607,131843,5,34.79249123800362,1
426,29018,36119,5,15.34127539868761,0
410,12033,74767,3,13.139557603889356,1
651,21306,73815,5,29.987896967042314,0
804,21429,81642,14,36.11587906464479,1
637,18323,102580,2,20.28072377571214,1
474,37353,125844,4,28.41083030040864,1
452,33988,95516,2,36.84384744888651,1
371,27641,143892,1,37.471941561768304,1
821,10505,114341,14,14.066530868891325,0
615,33305,79011,11,39.5961977896997,1
623,23185,117600,9,21.658841126236375,0
549,17537,57347,11,17.76470235980616,1
398,39194,40574,6,19.663420680769274,0
792,15770,143319,2,29.069371875974667,1
757,23492,147339,13,27.893699142002315,0
336,20026,122516,9,11.92209088523358,1
777,23013,126290,13,32.129516073584206,0
485,33434,39274,4,34.508652880425856,1
417,40860,39710,4,17.702578050966107,1
335,39615,77554,9,13.744996161459003,1
745,18932,116924,13,30.233460813148408,1
811,22133,138824,3,31.72426527617439,0
310,35678,149223,3,32.447298494745176,1
763,29977,96566,6,24.098131717650418,0
393,33515,64199,10,34.711097300611165,1
812,30289,140288,13,29.974015973752348,1
725,31454,142819,14,16.757872341016167,1
799,43677,32362,7,12.836531259185758,1
586,9589,25384,1,21.71921176513549,1
505,25300,101166,10,39.19818279245072,0
437,43638,28109,5,24.146608719763798,1
516,21111,72031,4,24.89023303257502,1
729,31727,132062,11,30.384570320864135,0
405,27344,94860,5,30.49500218442286,0
468,39593,56021,4,18.39573162770626,1
733,34196,136536,9,23.74517639693154,1
819,31428,39809,7,15.528485152690198,0
698,33538,124669,12,16.202958699736286,1
351,8059,43507,14,26.200240297710867,1
766,47204,109438,6,25.532208215097967,1
557,14758,51325,2,25.820865907378312,1
616,17956,105050,9,16.61894783897171,1
356,24267,131359,6,15.243273060784851,0
559,38814,142482,3,20.482012982852623,1
749,29177,47421,14,36.83596833656742,1
427,25361,61487,7,17.949639130892283,0
789,14176,55671,14,16.767784958014392,1
359,9669,75057,6,35.04337081515165,0
633,37852,65818,7,10.730591603905347,1
523,38828,107789,12,23.388866028127556,1
337,49918,83006,2,14.064108117025594,1
794,38291,44479,13,15.356630111769444,1
379,45107,77350,10,20.18374660117894,0
546,10826,75743,9,14.38913869214224,1
551,9660,76617,6,32.21253494923123,0
834,41587,40282,3,11.285608083867567,1
769,45129,37379,8,39.6285273874651,1
566,11788,47510,13,22.666613622200643,1
744,7562,122104,3,29.360118517415017,0
337,27660,58449,12,19.599624265266225,1
490,42683,122596,6,13.648436139407577,1
596,11420,45914,3,21.357011833404606,1
345,9152,99374,8,16.10922144008738,1
326,19803,142662,4,21.490284542231215,1
587,16765,88526,2,33.843608713355366,1
761,16025,129816,3,11.667388691643321,1
539,33801,40165,5,11.594169454338491,1
682,45255,81543,13,28.85842997583729,1
480,48497,97304,6,36.670598361664574,1
549,11994,80129,10,19.90978086596359,1
398,48948,115093,12,35.23569662359961,1
301,11641,66166,13,30.12399626324191,1
399,33376,98770,5,29.104173067453083,1
798,41108,85767,2,38.14931670538948,1
467,37577,104569,5,11.2028781917636,1
635,21043,60712,3,26.182253328908004,1
307,23827,37379,6,24.73610617020243,1
596,7636,104105,14,22.062694103471923,0
408,18643,50636,3,37.02275542863934,1
463,28537,20509,1,12.81685120681044,1
402,25124,115185,2,37.43171607400056,1
783,11951,126565,11,34.19647490360437,1
565,48672,101600,4,24.926235393604152,1
803,35691,24172,13,34.04737026474476,1
660,38485,23684,11,29.670504001509435,0
740,48771,108249,1,36.025974759425054,1
758,39235,125006,9,24.003661815925113,1
787,33024,131431,7,31.58164602755861,1
758,39080,90372,13,25.488517524340843,1
555,35891,79042,3,18.463528637850676,1
679,44929,131874,13,12.845061227887923,1
706,36151,63811,12,14.406499857230905,0
540,13849,47466,5,27.393308956419254,1
316,21220,56770,3,22.83758217458117,1
759,11205,101620,7,35.90934500719234,1
762,20258,67755,14,26.84131452898768,0
531,38845,35393,14,11.893370657675117,1
377,38349,72760,8,22.554182738231923,0
831,11222,62149,12,24.96302044371382,0
323,27903,70087,9,26.660381535137407,1
520,47532,77581,3,17.308926818377586,1
466,13995,107370,13,28.942993601460852,1
548,45910,37030,6,22.461924373631938,1
468,19289,67526,6,30.732704722333025,1
415,31793,128177,4,38.9000563884189,1
724,47588,44511,13,14.3615706246086,1
577,17002,135791,11,20.44777652327219,1
650,35311,132102,13,30.805871433440217,1
302,47612,34182,7,14.33578774949493,1
737,6560,89511,9,29.82349377279827,1
378,8001,104440,14,33.222602925017505,1
579,16391,45935,14,37.12654527234373,1
417,9662,97944,6,36.035856650431,1
309,45948,122866,7,38.104890178318705,1
462,34011,140125,13,26.268854229273366,1
472,26047,89480,13,12.59142064064439,0
677,41577,118120,3,33.1775221023256,1
742,16588,107216,6,14.277282153227015,1
572,14326,80323,14,10.558314646033226,1
806,30718,38212,4,10.798899560087968,0
680,6392,91280,9,13.615986187249025,1
681,13690,79659,5,14.408345381098842,1
659,35125,121116,12,16.267945984419754,1
817,48912,101931,5,10.987507713341707,1
587,37994,85604,11,35.022718422484644,0
763,10289,50828,11,25.482914637618887,0
750,13320,41038,14,16.430513008639963,1
364,45098,91043,14,38.01762847790798,0
519,25404,148517,12,34.37307396197674,1
658,24259,109592,14,27.183705900038362,1
744,23475,24946,4,20.82991065496237,1
757,38237,40275,13,24.660147693230396,1
807,36618,60070,10,17.053564680711133,1
330,34849,130991,11,32.987620974459105,0
715,38001,24758,6,12.711437586429305,1
526,37585,62739,10,16.98802601655717,1
321,47146,46337,2,15.532075813241065,1
338,40783,92371,4,36.76558394672777,0
455,15761,80623,7,33.67216230302323,0
393,7446,84965,3,27.441941636143753,1
742,12885,56903,7,36.48831743741985,0
604,29680,101851,6,29.00254386003181,1
737,43948,145629,7,29.631496179280255,1
827,28880,55048,5,15.611219445195623,1
603,8658,113403,5,21.331814132893978,0
683,43050,142718,7,16.12027874669982,0
691,34300,40991,14,39.33771483082808,1
513,12265,74968,10,30.540371837261382,0
849,12251,104830,13,35.46683063083814,1
365,44181,39273,2,37.04917410589371,1
638,5658,144620,1,16.978869530006783,1
422,31444,65764,13,13.311573871627843,1
309,25491,120174,3,32.03806647961108,1
474,32507,67864,1,38.09154921929715,0
612,13044,24760,2,38.112383911223546,1
700,46951,102754,8,15.676104659560277,0
809,48387,125420,13,16.633446327164954,1
701,45183,117687,10,31.063790319989117,0
383,37621,92514,12,21.792687404799985,1
346,41940,67928,3,19.614521958316658,0
616,13280,140930,7,24.498916518150764,0
474,36233,92603,7,22.840538743737184,1
660,42328,71265,7,38.693793029143606,1
753,5983,31790,4,25.398458724699758,0
451,41729,116569,14,17.659774821871814,0
337,31771,71758,6,26.03151858169352,1
525,43285,33801,9,22.81538975269369,1
788,12723,51495,5,16.57968026383474,0
783,42546,130909,6,39.27064382480168,1
341,40313,20128,9,11.182878172060892,1
756,49100,108731,6,28.841928791075127,0
444,33454,134468,13,35.02172984224786,1
395,36445,56552,7,15.204530815552207,1
430,24273,38348,1,20.691003328721955,1
405,42042,114672,7,13.772893963783497,1
599,24180,91065,11,28.216884278086575,1
842,49600,106070,11,16.076201636957478,1
400,26610,47590,9,21.700038374780494,1
769,30006,137113,8,18.14500446727522,1
571,13303,124328,8,31.627637975290018,1
463,17275,63519,4,18.202519243951222,0
459,9968,77131,1,39.35276032353907,1
403,7918,149554,9,37.94338047244392,1
505,21155,67142,3,15.69882621563206,0
756,7510,46855,5,27.07110724657556,1
687,19874,99177,1,22.55501993411906,1
730,21664,144389,7,29.062855899770998,0
787,16568,141466,11,13.361196038273947,0
843,37354,103804,11,39.78672573948596,1
498,27771,34892,13,37.23731005367222,1
584,27348,124137,10,30.49367705062196,0
552,19346,126259,5,29.76982616543026,1
672,19937,112062,12,23.729670661734897,0
495,33175,35230,1,38.49185205785779,0
646,45400,59542,3,38.25283438985954,1
746,47133,51299,11,38.68447879910933,1
763,27464,72950,11,29.793894917547384,1
451,42939,54136,7,15.395679941186952,1
771,14469,70255,8,25.701549560586052,1
744,28552,74420,10,25.113758210969955,0
515,23892,86964,7,21.884737611686255,1
486,31446,31530,9,35.431333673579715,1
712,8577,105551,14,23.933023446248235,0
832,45522,85931,11,15.506805907270161,1
375,33769,135671,1,15.215335122409332,1
765,14436,94931,4,24.160087789458796,1
433,17259,80966,12,39.275836020123265,1
358,42614,107839,5,17.186673627182664,1
716,35976,123199,7,30.640879732135943,0
692,39983,54852,6,11.693092573148267,0
564,12322,102817,8,18.850736376902862,0
756,15219,39058,8,21.55947167080192,0
566,6439,33667,11,26.877115872365184,0
545,18897,48155,3,20.998523099635282,1
685,10346,97704,6,18.758710327787067,1
568,26107,139733,8,17.86412404904356,1
765,31993,143526,14,29.369167511112977,0
848,24822,89947,9,36.228923322270035,1
723,31136,50393,10,36.6774334129056,1
673,44481,78283,13,32.64701287298276,1
714,39539,21101,13,29.747193919786003,0
719,43258,61234,2,33.03762117358848,1
665,11755,37874,11,21.296849490252555,1
356,17648,54658,10,27.85085863956195,0
589,13981,92395,3,29.901445722643842,1
515,24784,67375,5,38.64307318858347,0
829,24682,62869,4,30.15463783164562,1
505,45862,38698,1,35.25350540794781,0
459,14824,148996,3,39.186394571231986,1
400,18095,37310,10,33.433206074243465,0
537,32296,135412,11,38.482386967444135,0
688,9640,50541,12,13.698546736430512,1
798,13558,128165,9,38.54608898356159,0
815,39642,32606,8,16.43475629686426,1
582,24439,96168,6,29.869103244195337,1
703,12231,114313,4,14.797098763395573,1
323,5528,47074,2,39.78154748992799,1
686,23937,99993,14,26.97595091597105,1
754,9368,33298,8,35.60821894011791,1
336,45872,34349,3,30.139212900267665,1
484,7346,38546,13,16.670215032610713,1
445,26647,42506,14,10.437119302862412,1
640,40963,42181,1,39.38751384272091,1
795,23778,69003,13,36.03739024444561,1
747,31461,118535,9,22.18199683990894,1
466,38299,103094,11,11.335154840040449,1
311,49524,63828,7,32.84262292744058,0
345,30108,143845,7,12.672598584774448,1
460,40277,136938,6,16.933199609361612,1
513,17901,99939,13,29.71228579403195,1
506,18342,133510,7,16.07605914654665,0
394,47448,104882,4,22.560546419525732,1
565,41947,52371,14,23.17831155472407,1
697,32223,104322,10,19.47091545853972,1
687,39609,96228,8,20.474314563895003,1
687,37920,117384,10,15.110208297825729,1
301,42273,131691,11,39.78190157816972,1
638,29855,94933,2,11.137581647511613,1
796,10548,142845,14,18.963562764403385,1
300,33908,51781,5,30.11461048891977,1
394,38906,95041,1,20.06475725219437,0
750,41774,135603,4,29.441037624273932,1
676,19060,63356,4,18.245058545893794,1
530,35061,94510,3,31.3452418690918,1
539,8137,92280,3,33.55859228624977,0
607,33777,39864,11,25.880015719112983,1
579,18593,78334,4,17.269834211528696,1
697,39410,107480,9,31.89557874771677,1
478,38715,74737,10,17.773841790779958,0
554,22997,128835,10,33.56656294714857,1
526,25075,26978,14,39.46707471582822,1
528,22460,115970,5,37.172896030120974,1
388,42665,69435,2,27.837506130304885,1
541,32441,108615,3,32.40853884400737,1
538,20582,148437,9,17.036335220106267,1
622,45967,99735,2,36.64597191370599,1
657,21591,98666,2,12.252404326176235,0
708,7480,20890,4,13.595054622437655,0
356,18313,24828,7,29.603950094694238,1
705,32838,120860,1,37.261082175571204,1
434,25488,61532,14,33.215552833250314,1
444,24541,87167,13,32.6445327003244,1
458,26494,149138,14,36.628943245655236,1
686,13890,23727,7,21.120429994134184,0
580,48592,73029,14,21.422693870951015,1
362,15291,91120,8,24.26658664833745,0
514,37097,73208,13,36.98181904505982,0
319,38383,145066,12,12.295163980179183,1
507,49067,134701,1,18.5856329249101,1
844,16446,32897,13,12.222196632002998,1
543,49638,27279,13,33.97278285954377,1
585,37236,81326,6,21.74453767654198,0
501,33326,104489,10,22.997028749277092,0
699,22237,119168,6,29.10549574601138,1
447,34617,76328,14,22.001236128234368,1
722,32646,54502,11,19.003942265075978,1
473,26348,72909,6,37.238399110452605,0
624,14735,110474,10,18.295982313728018,1
553,41598,143722,7,25.964643583245074,0
774,20007,110251,8,36.35279746013184,1
737,45213,113064,5,19.495470773564293,1
408,13547,48531,3,20.58434424258376,1
446,16944,98661,11,35.7169284333949,0
729,42682,37616,1,36.35398655103472,0
353,11870,114611,14,22.74775176307235,1
414,34745,142274,2,13.459299038560133,0
325,20488,47515,7,15.19601479205309,1
432,38220,127374,13,15.321421105754531,1
619,12286,91476,5,35.5015725036247,1
488,49991,75841,6,26.556331321552804,1
711,9773,117295,12,10.5090912256599,1
825,32173,27155,1,14.349897553209386,1
494,22829,97678,9,37.41748303497998,1
464,23118,70653,8,19.12890209772865,1
716,43968,75386,4,11.00836912631503,0
702,27044,61324,11,17.336477106554284,1
627,34392,140029,8,35.74892922843933,0
513,48882,127492,9,25.339829031885937,1
446,38913,121864,3,36.94257307406109,0
582,9394,102570,12,39.89370779570332,0
715,46096,32986,3,18.402723686265563,1
665,32745,105732,14,25.413664897495142,1
552,41845,74968,12,36.33398019932017,1
455,30115,115054,7,22.5509967551319,0
374,18411,82089,2,34.133023265243786,0
800,38708,93325,1,37.70963709308322,1
762,7371,114807,13,35.0541218994101,1
396,6133,105383,2,17.492302468463194,1
372,18303,96488,11,24.410956623881006,1
763,29736,78890,12,14.007349301132823,1
817,49667,82638,5,35.73030449999452,0
831,28464,56081,4,27.929832897919304,0
486,6092,72801,13,24.965824155602256,1
690,21381,59120,8,19.73346336834686,1
313,14730,81440,1,33.82231028581387,1
392,10840,38435,1,22.00441005169033,0
697,44525,133964,8,21.709732646190805,0
466,41524,149056,4,23.165742883467665,1
634,27923,139862,7,32.65691722641339,1
362,11251,41160,1,18.488187429816,1
570,23544,145645,12,13.13577338417784,1
321,8696,76665,11,19.495573523845735,0
420,37635,88777,9,19.70220956042123,0
522,18839,140060,5,11.02358762753677,0
796,32401,60556,6,37.49306923686524,1
418,33986,45468,7,31.27961242589445,0
747,6530,87217,12,17.85210505867427,1
702,9650,119735,13,17.98341160807538,1
699,9142,147827,12,17.649573161608117,0
809,7510,49387,9,30.165310978676278,1
517,42390,50238,6,18.68142757888927,0
717,16262,51494,13,11.552207277390508,1
555,27170,34410,8,21.905245939636472,1
451,39441,142853,10,34.43488125121324,1
735,39149,81015,4,17.501009300932648,1
634,33092,49369,12,17.192425461858413,1
483,14386,45139,8,18.82341727570048,1
808,44072,107234,7,22.6686329076339,1
579,24060,145307,5,35.56593863642405,1
466,36537,123462,6,35.229545259819005,1
432,48798,73442,1,16.245858494015472,0
823,42976,77748,7,38.164544186848914,1
670,49710,57572,13,11.91387136315025,0
767,12461,145410,3,26.458269667304226,1
418,7167,47806,8,10.125278163074704,1
490,14133,95557,9,30.951344494850012,1
766,33142,54984,5,16.6321815419574,0
513,30834,78707,5,14.559150643625742,1
481,34481,146415,4,37.000502804674504,1
715,14961,32055,12,26.777412854207196,1
398,35992,95853,8,30.636425803164972,1
453,38709,66233,1,16.555271312708523,1
300,24005,93258,10,14.777856537630603,1
783,8826,118225,5,14.379035693097942,1
321,32160,20441,11,35.31063502792149,0
639,12265,60798,6,19.58210025634957,1
555,7557,139645,10,22.143287407408586,0
443,45267,83293,2,39.29588914467651,1
474,16595,103519,14,18.361618090648427,0
579,9091,69838,1,12.970936912600708,0
594,5866,51772,11,37.45504897366242,1
650,28165,27847,2,19.576501969072396,0
489,40287,146995,4,21.76282942515084,0
480,47593,62485,9,31.34275604789421,1
646,46829,78640,10,14.795291730400784,1
719,23449,119373,1,23.04264201068275,1
447,26365,116645,8,31.65525868638334,0
518,12792,132727,9,30.10058319269288,1
457,43964,120064,14,37.547750778527856,1
705,29619,45944,12,13.097813529307588,0
805,32275,138193,2,39.90496313309544,1
559,13429,105867,10,32.46024371766904,1
587,7533,64809,1,22.243301555407,1
687,46875,87064,4,29.039599003913217,0
714,15636,72445,7,21.283424420908638,1
805,13184,67708,5,15.41889696259697,1
432,33776,149829,3,20.577994144180305,0
472,23008,136052,8,20.903018990641414,0
521,43142,95877,3,19.808257804118565,0
446,5873,98088,7,37.76236838647928,1
577,40341,35373,6,24.854144232064424,1
547,41324,77196,4,18.845913950126096,1
810,42573,54918,7,10.416813165276494,0
641,46455,128344,11,29.99308050259775,1
756,34089,70136,14,29.25336503140033,0
684,21323,146619,6,14.119133532026883,1
493,20006,147624,13,37.2908565751119,1
781,28603,74788,4,33.05293770764838,0
681,18924,117088,10,17.80620710067116,0
648,16824,46911,14,34.67257015480196,1
678,36969,101523,13,31.14423568823386,1
802,18321,111305,4,31.646322321426112,1
466,13396,81420,5,33.57030534343913,1
619,37708,109231,8,39.32502273746929,1
470,29925,62010,10,35.64508110253752,1
741,47671,29564,4,38.52683412454671,0
404,37210,110119,6,37.322323611663776,1
450,19661,147719,8,20.702797557283887,1
371,19507,126690,10,13.251685275539415,1
825,17010,143869,12,11.83439592831605,1
351,39984,149141,13,20.388644034822686,0
686,43508,54720,6,16.45588321950253,1
474,17822,134104,13,19.32696169378158,1
398,5778,133970,8,12.077403497138683,1
533,38392,24381,4,10.777276945510456,1
393,15233,55231,1,25.720872251247567,1
498,14979,21643,2,31.559704659616724,0
486,35588,52833,6,32.301185420696285,1
777,16185,84648,11,30.556748907475058,1
325,39002,97874,8,36.340107772821725,1
339,39547,112548,8,31.314994405694947,0
849,7399,124030,8,11.470733040749382,0
661,13826,98775,12,29.30713691932161,0
824,14674,42629,1,18.359483806103405,1
481,37611,70063,4,37.19346804162619,1
368,13512,124379,9,37.0788932162411,1
326,12066,72858,13,26.011804798385626,1
693,15952,64866,3,14.227125262671318,1
735,46905,23484,6,21.233030806347642,1
760,43370,74742,9,26.873343656516575,1
496,37046,146407,9,24.693793728376917,1
465,27806,32071,10,26.97231728577884,1
596,12606,23332,2,36.68469475404156,1
759,7017,123654,14,16.021923297356558,1
635,45490,65528,4,33.64170692356252,1
623,35911,119431,6,19.097949492123792,1
396,44908,68495,9,28.06890124062366,0
530,21387,78065,1,23.023605739503264,1
739,39560,147158,13,17.13760692316834,1
659,24106,85082,11,18.3584473161489,0
750,5130,20864,2,29.3447151254012,0
597,48286,35745,1,30.43020774686182,1
585,45483,36723,7,31.636797036519287,1
421,34247,34365,14,28.264433103269134,0
744,27422,111659,6,39.68940206164096,1
348,35038,95467,10,10.977187992908114,0
693,46576,57374,2,22.715023387404752,1
522,32494,76821,12,13.400057212739265,1
355,20449,55198,8,27.821019900893816,0
348,28122,139343,10,12.170287119036441,0
570,38719,32795,11,10.496169471650092,0
743,8866,89951,6,38.892668657488485,1
308,11253,28667,4,26.6933339654931,0
560,42883,47652,4,20.88405474500368,1
691,39215,76685,13,12.497357362451027,0
362,26512,134122,7,11.497704444940085,1
736,21306,98009,2,37.08840094101279,1
765,40788,85222,12,19.30717716339835,1
500,12105,131215,4,13.009905640549741,1
783,14812,134177,6,12.205700611383268,1
379,32298,91414,14,23.22247054370641,1
589,16262,59543,4,19.8120899466133,1
684,49330,139592,10,13.065514119097589,1
439,21612,105957,6,17.511483646157902,0
707,24604,138904,8,19.506036505887238,1
361,41018,98250,11,32.17620445115412,0
422,13541,149901,11,24.813305643561762,1
492,38683,134409,13,28.20108046972224,1
744,49399,31870,2,36.34246975479522,1
479,15287,121904,2,28.1219283878393,0
762,41235,72006,6,27.719938278839443,1
845,34402,42772,12,12.755107815427342,0
822,30955,63300,11,23.34907383496101,1
523,38306,43638,1,18.008518576344166,1
668,23470,34701,12,31.212940969502515,1
774,31907,130489,10,39.94329253730602,1
605,28456,49859,1,14.56167996858734,1
575,41852,21488,8,13.138403359223329,1
749,26561,86732,6,30.802326396837127,1
349,25160,140369,10,28.32206153818093,1
819,26804,133597,3,14.201246742386743,0
548,21578,122965,6,38.88536313061732,0
353,34998,144315,9,28.775928023769797,1
448,7733,46868,11,14.547405574700267,0
359,15687,111158,1,27.780761263357135,0
438,14769,104452,5,37.7647141018479,1
375,19177,126931,6,13.767979898998778,0
839,21850,84382,10,36.049938770587204,0
775,44294,117894,5,14.223617106783754,1
490,5240,58903,13,25.65511501319065,0
829,38625,126843,3,14.773446542512698,0
809,42087,90924,2,32.915788227502944,1
662,47193,90893,1,24.030680487600595,1
777,6204,82894,7,31.58991681398326,1
703,41467,98857,4,30.624376690450998,1
701,29121,57142,8,34.9023194920116,0
479,35705,122270,9,32.9845042476493,1
753,38178,121683,10,19.331227014604014,1
748,36462,128500,9,16.520912032260213,1
651,47059,146482,5,27.17331030089038,1
641,26968,137797,6,33.596450730089835,1
393,20018,145093,1,23.574124946969196,1
431,49461,80500,3,36.864070652464434,0
322,11832,37843,8,24.64249881296152,0
764,40988,107814,12,13.993474123662523,0
599,18246,102239,7,20.162597891071307,0
568,44195,124092,12,39.05786488013601,1
373,21808,81414,8,19.592376210221992,1
322,34630,91560,1,13.683460734827108,1
458,5074,117335,12,27.724666791168485,1
455,12357,127240,8,24.952637531302834,0
722,5998,114405,12,15.644342608127676,1
802,12330,68334,8,19.25805628695329,1
568,12000,148650,14,14.942768428885866,1
447,29632,142613,7,10.795607098218072,0
510,27723,114976,10,20.150563409995627,0
583,9798,53252,13,22.26784009367435,1
304,13771,123586,1,36.54121806244976,1
471,11666,136302,8,39.35381331915409,1
361,5736,101838,4,35.635287931046356,1
707,20330,93764,11,34.56101106707911,1
578,47328,89903,11,35.681657687864174,1
483,18200,96733,8,28.963204867396207,0
333,20896,52839,1,30.45618831695718,1
700,12988,120368,7,23.09064940196764,1
710,35136,86185,7,34.34038178360865,0
517,24005,36751,5,32.35827035874135,1
468,16278,74895,5,38.831144995961175,1
313,34040,96870,12,27.194032680951715,1
769,21213,23840,5,15.097300438545794,1
593,15419,108045,2,16.445477307924204,1
464,10945,76660,2,18.135240773105654,1
750,34667,37242,14,30.534125911507655,0
541,5473,24919,11,31.551313568491906,1
551,21428,49299,2,14.22757898734824,0
737,12991,146351,1,38.17596085398602,1
428,49967,41683,6,22.547094737166994,0
522,40445,100696,3,29.775121550956193,1
580,41339,141170,8,35.95797023762226,1
491,45679,140742,1,15.632354611035561,1
657,28730,81938,8,14.127404824005726,1
399,14910,146562,12,28.094489276310245,0
636,5039,42593,14,37.73145129852406,1
575,20646,40913,9,22.454207562220518,0
562,33408,119648,7,31.442083337423472,0
464,30228,91876,5,12.132401017457024,0
477,17164,143404,6,34.47191605699528,1
402,40409,92070,13,14.32724212878568,1
346,21427,105992,2,39.19613439850143,1
733,11243,25083,3,25.68706746590786,1
573,19179,133511,11,11.308343637114893,1
322,10663,35526,4,31.583644767400454,1
654,47791,81888,9,32.61500410082613,1
472,33751,52842,5,12.534515840559395,1
786,22725,100336,3,10.454261804771463,1
782,16233,58279,3,24.901206082768848,0
560,17235,88437,12,11.851012057464812,0
374,40250,103670,9,39.03867440478904,1
385,49090,55224,6,31.57327593683145,1
360,42161,27952,11,38.792787168682224,1
802,48815,128141,2,34.65454534658914,0
396,47119,123094,6,34.105447071208204,1
316,44742,42758,3,11.890312349296563,1
739,38875,76790,2,19.78769644053509,1
398,36484,77818,2,26.566070201412025,1
545,14412,29922,1,17.633246923904373,1
793,19976,54881,11,24.842739682658678,1
596,19651,79675,11,30.410078381483626,1
399,38561,27771,12,37.40675510618079,0
375,32053,104935,4,39.87481356376819,1
351,8171,146892,6,35.2411735432439,1
587,19965,138430,7,39.57456597649161,0
697,48775,57581,8,31.499823225192884,1
542,24824,136216,7,19.03870864429305,1
724,44387,116836,1,36.17948491194653,1
767,10316,148492,9,28.915840451254684,1
532,40742,88377,8,31.152720043018927,0
409,7268,40676,2,26.91649397479208,1
801,42165,88576,3,16.912379015596642,1
513,24695,53769,11,14.25993003449765,1
376,26595,49399,6,20.443633996462975,0
453,42067,99237,7,34.4495748965161,1
427,14392,107483,9,18.60342192783206,0
807,9707,29468,5,12.938472216835317,1
615,46030,126278,4,30.470065022479535,1
490,8339,73917,11,25.323631626650766,1
589,6231,81357,6,34.68504275814899,1
651,30984,117842,11,35.228156336617886,1
714,46146,112993,5,23.024226709746124,1
650,18544,81833,13,30.534792417270157,1
824,10499,20884,14,14.752432928433988,0
545,8176,134963,4,12.753466520694765,1
480,40192,145703,12,21.2974139858198,1
600,37170,116665,6,20.2361599670486,0
303,44210,64075,10,18.23757327397924,1
831,38112,65977,14,28.25554929115674,1
743,48231,33338,14,36.571357302135596,1
544,15605,61551,12,19.602865855784344,1
430,12479,140294,10,22.992637467859733,0
459,48097,125802,2,36.6612712725896,1
753,28277,82507,14,13.136478239901273,1
378,23626,24496,5,28.294963845316325,1
841,21192,67436,5,32.5252981952307,1
816,27237,124525,6,22.302636166586467,1
508,39268,97131,7,19.561669350230147,0
592,18091,92995,7,19.05937854214127,0
516,40400,79355,2,14.371041686906828,0
701,23829,113322,9,12.27564203068774,1
665,14422,25698,6,19.15367816528189,1
